jvm	1	1789134777.987656968	1789134781.122995144	0
jvm	2	1789134781.159777364	1789134784.263695610	0
jvm	3	1789134784.302939730	1789134787.374715361	0
jvm	4	1789134787.422114717	1789134790.562490896	0
jvm	5	1789134790.598748008	1789134793.784279067	0
bb	1	1789134793.824973080	1789134793.870883593	0
bb	2	1789134793.915363741	1789134793.967928070	0
bb	3	1789134794.008097206	1789134794.055791493	0
bb	4	1789134794.095956373	1789134794.140504894	0
bb	5	1789134794.177993281	1789134794.220665270	0
probe	1	1789134794.257457483	1789134794.616670518	0
probe	2	1789134794.659181306	1789134795.007724957	0
probe	3	1789134795.043458913	1789134795.399141586	0
probe	4	1789134795.443425350	1789134795.796057601	0
probe	5	1789134795.831503826	1789134796.185446972	0
